
INSERT INTO AbstractPost (id, discriminator) VALUES (1, 'product_post');
INSERT INTO AbstractPost (id, discriminator) VALUES (2, 'product_post');
INSERT INTO AbstractPost (id, discriminator) VALUES (3, 'product_post');
INSERT INTO AbstractPost (id, discriminator) VALUES (4, 'materia_post');
INSERT INTO AbstractPost (id, discriminator) VALUES (5, 'materia_post');
INSERT INTO AbstractPost (id, discriminator) VALUES (6, 'materia_post');

INSERT INTO Department (id, name, score) VALUES (1, 'Engineering', 34.875665);
INSERT INTO Department (id, name, score) VALUES (2, 'Science', 23.987393);
INSERT INTO Department (id, name, score) VALUES (3, 'Mathematics', 78.273624);

INSERT INTO Enemy (id, name) VALUES (1, 'Adamantaimai');
INSERT INTO Enemy (id, name) VALUES (2, 'Bagrisk');
INSERT INTO Enemy (id, name) VALUES (3, 'Grosspanzer Mobile');
INSERT INTO Enemy (id, name) VALUES (4, 'Pollensalta');

INSERT INTO MateriaType (id, name) VALUES (1, 'Magic');
INSERT INTO MateriaType (id, name) VALUES (2, 'Summon');

INSERT INTO Vote (id, review_id, value) VALUES (1, 1, 1);
INSERT INTO Vote (id, review_id, value) VALUES (2, 1, -1);
INSERT INTO Vote (id, review_id, value) VALUES (3, 1, -1);
INSERT INTO Vote (id, review_id, value) VALUES (4, 2, 1);
INSERT INTO Vote (id, review_id, value) VALUES (5, 2, 1);
INSERT INTO Vote (id, review_id, value) VALUES (6, 2, -1);
INSERT INTO Vote (id, review_id, value) VALUES (7, 2, -1);
INSERT INTO Vote (id, review_id, value) VALUES (8, 2, -1);
INSERT INTO Vote (id, review_id, value) VALUES (9, 3, 1);
INSERT INTO Vote (id, review_id, value) VALUES (10, 3, 1);
INSERT INTO Vote (id, review_id, value) VALUES (11, 3, -1);
INSERT INTO Vote (id, review_id, value) VALUES (12, 3, 1);
INSERT INTO Vote (id, review_id, value) VALUES (13, 5, -1);
INSERT INTO Vote (id, review_id, value) VALUES (14, 5, 1);
INSERT INTO Vote (id, review_id, value) VALUES (15, 5, 1);
INSERT INTO Vote (id, review_id, value) VALUES (16, 7, 1);
INSERT INTO Vote (id, review_id, value) VALUES (17, 7, -1);
INSERT INTO Vote (id, review_id, value) VALUES (18, 8, -1);
INSERT INTO Vote (id, review_id, value) VALUES (19, 8, -1);
INSERT INTO Vote (id, review_id, value) VALUES (20, 9, 1);
INSERT INTO Vote (id, review_id, value) VALUES (21, 9, 1);
INSERT INTO Vote (id, review_id, value) VALUES (22, 9, 1);
INSERT INTO Vote (id, review_id, value) VALUES (23, 9, 1);
INSERT INTO Vote (id, review_id, value) VALUES (24, 9, -1);
INSERT INTO Vote (id, review_id, value) VALUES (25, 9, -1);
INSERT INTO Vote (id, review_id, value) VALUES (26, 10, 1);
INSERT INTO Vote (id, review_id, value) VALUES (27, 10, 1);
INSERT INTO Vote (id, review_id, value) VALUES (28, 10, -1);
INSERT INTO Vote (id, review_id, value) VALUES (29, 12, 1);
INSERT INTO Vote (id, review_id, value) VALUES (30, 12, -1);
INSERT INTO Vote (id, review_id, value) VALUES (31, 13, -1);
INSERT INTO Vote (id, review_id, value) VALUES (32, 13, -1);
INSERT INTO Vote (id, review_id, value) VALUES (33, 13, -1);
INSERT INTO Vote (id, review_id, value) VALUES (34, 13, 1);
INSERT INTO Vote (id, review_id, value) VALUES (35, 13, 1);
INSERT INTO Vote (id, review_id, value) VALUES (36, 14, 1);
INSERT INTO Vote (id, review_id, value) VALUES (37, 14, 1);
INSERT INTO Vote (id, review_id, value) VALUES (38, 14, 1);
INSERT INTO Vote (id, review_id, value) VALUES (39, 15, -1);
INSERT INTO Vote (id, review_id, value) VALUES (40, 16, -1);
INSERT INTO Vote (id, review_id, value) VALUES (41, 17, -1);
INSERT INTO Vote (id, review_id, value) VALUES (42, 17, 1);
INSERT INTO Vote (id, review_id, value) VALUES (43, 17, 1);
INSERT INTO Vote (id, review_id, value) VALUES (44, 17, -1);
INSERT INTO Vote (id, review_id, value) VALUES (45, 17, 1);
INSERT INTO Vote (id, review_id, value) VALUES (46, 18, -1);
INSERT INTO Vote (id, review_id, value) VALUES (47, 18, 1);
INSERT INTO Vote (id, review_id, value) VALUES (48, 19, 1);
INSERT INTO Vote (id, review_id, value) VALUES (49, 20, -1);
INSERT INTO Vote (id, review_id, value) VALUES (50, 20, -1);
INSERT INTO Vote (id, review_id, value) VALUES (51, 21, 1);
INSERT INTO Vote (id, review_id, value) VALUES (52, 22, -1);
INSERT INTO Vote (id, review_id, value) VALUES (53, 22, 1);
INSERT INTO Vote (id, review_id, value) VALUES (54, 23, -1);
INSERT INTO Vote (id, review_id, value) VALUES (55, 23, 1);
INSERT INTO Vote (id, review_id, value) VALUES (56, 24, -1);
INSERT INTO Vote (id, review_id, value) VALUES (57, 24, 1);
INSERT INTO Vote (id, review_id, value) VALUES (58, 24, 1);
INSERT INTO Vote (id, review_id, value) VALUES (59, 25, 1);
INSERT INTO Vote (id, review_id, value) VALUES (60, 26, -1);
INSERT INTO Vote (id, review_id, value) VALUES (61, 26, 1);
INSERT INTO Vote (id, review_id, value) VALUES (62, 26, 1);
INSERT INTO Vote (id, review_id, value) VALUES (63, 27, 1);
INSERT INTO Vote (id, review_id, value) VALUES (64, 27, 1);
INSERT INTO Vote (id, review_id, value) VALUES (65, 28, -1);
INSERT INTO Vote (id, review_id, value) VALUES (66, 28, 1);
INSERT INTO Vote (id, review_id, value) VALUES (67, 29, 1);
INSERT INTO Vote (id, review_id, value) VALUES (68, 29, 1);
INSERT INTO Vote (id, review_id, value) VALUES (69, 30, 1);
INSERT INTO Vote (id, review_id, value) VALUES (70, 30, -1);
INSERT INTO Vote (id, review_id, value) VALUES (71, 30, 1);
INSERT INTO Vote (id, review_id, value) VALUES (72, 30, -1);
INSERT INTO Vote (id, review_id, value) VALUES (73, 30, -1);
INSERT INTO Vote (id, review_id, value) VALUES (74, 31, -1);
INSERT INTO Vote (id, review_id, value) VALUES (75, 31, -1);
INSERT INTO Vote (id, review_id, value) VALUES (76, 31, 1);
INSERT INTO Vote (id, review_id, value) VALUES (77, 31, -1);
INSERT INTO Vote (id, review_id, value) VALUES (78, 31, 1);
INSERT INTO Vote (id, review_id, value) VALUES (79, 31, -1);
INSERT INTO Vote (id, review_id, value) VALUES (80, 32, 1);
INSERT INTO Vote (id, review_id, value) VALUES (81, 32, -1);
INSERT INTO Vote (id, review_id, value) VALUES (82, 32, -1);
INSERT INTO Vote (id, review_id, value) VALUES (83, 32, 1);
INSERT INTO Vote (id, review_id, value) VALUES (84, 32, 1);
INSERT INTO Vote (id, review_id, value) VALUES (85, 33, 1);
INSERT INTO Vote (id, review_id, value) VALUES (86, 33, -1);
INSERT INTO Vote (id, review_id, value) VALUES (87, 33, 1);
INSERT INTO Vote (id, review_id, value) VALUES (88, 34, -1);
INSERT INTO Vote (id, review_id, value) VALUES (89, 34, -1);
INSERT INTO Vote (id, review_id, value) VALUES (90, 35, 1);
INSERT INTO Vote (id, review_id, value) VALUES (91, 35, 1);
INSERT INTO Vote (id, review_id, value) VALUES (92, 35, 1);
INSERT INTO Vote (id, review_id, value) VALUES (93, 36, 1);
INSERT INTO Vote (id, review_id, value) VALUES (94, 36, 1);
INSERT INTO Vote (id, review_id, value) VALUES (95, 37, 1);
INSERT INTO Vote (id, review_id, value) VALUES (96, 37, -1);
INSERT INTO Vote (id, review_id, value) VALUES (97, 38, 1);
INSERT INTO Vote (id, review_id, value) VALUES (98, 38, -1);
INSERT INTO Vote (id, review_id, value) VALUES (99, 39, 1);
INSERT INTO Vote (id, review_id, value) VALUES (100, 39, -1);
INSERT INTO Vote (id, review_id, value) VALUES (101, 39, 1);
INSERT INTO Vote (id, review_id, value) VALUES (102, 40, 1);
INSERT INTO Vote (id, review_id, value) VALUES (103, 40, -1);
INSERT INTO Vote (id, review_id, value) VALUES (104, 40, -1);
INSERT INTO Vote (id, review_id, value) VALUES (105, 41, 1);
INSERT INTO Vote (id, review_id, value) VALUES (106, 42, 1);
INSERT INTO Vote (id, review_id, value) VALUES (107, 42, 1);
INSERT INTO Vote (id, review_id, value) VALUES (108, 42, -1);
INSERT INTO Vote (id, review_id, value) VALUES (109, 42, 1);
INSERT INTO Vote (id, review_id, value) VALUES (110, 42, 1);
INSERT INTO Vote (id, review_id, value) VALUES (111, 43, 1);
INSERT INTO Vote (id, review_id, value) VALUES (112, 43, -1);
INSERT INTO Vote (id, review_id, value) VALUES (113, 43, 1);
INSERT INTO Vote (id, review_id, value) VALUES (114, 44, 1);
INSERT INTO Vote (id, review_id, value) VALUES (115, 44, -1);
INSERT INTO Vote (id, review_id, value) VALUES (116, 44, -1);
INSERT INTO Vote (id, review_id, value) VALUES (117, 45, 1);
INSERT INTO Vote (id, review_id, value) VALUES (118, 45, 1);
INSERT INTO Vote (id, review_id, value) VALUES (119, 45, -1);
INSERT INTO Vote (id, review_id, value) VALUES (120, 45, -1);
INSERT INTO Vote (id, review_id, value) VALUES (121, 45, 1);
INSERT INTO Vote (id, review_id, value) VALUES (122, 46, 1);
INSERT INTO Vote (id, review_id, value) VALUES (123, 47, -1);
INSERT INTO Vote (id, review_id, value) VALUES (124, 47, -1);
INSERT INTO Vote (id, review_id, value) VALUES (125, 47, 1);
INSERT INTO Vote (id, review_id, value) VALUES (126, 47, -1);
INSERT INTO Vote (id, review_id, value) VALUES (127, 48, 1);
INSERT INTO Vote (id, review_id, value) VALUES (128, 49, -1);
INSERT INTO Vote (id, review_id, value) VALUES (129, 49, 1);
INSERT INTO Vote (id, review_id, value) VALUES (130, 49, 1);
INSERT INTO Vote (id, review_id, value) VALUES (131, 49, 1);

INSERT INTO Review (id, post_id, rating) VALUES (1, 1, 1);
INSERT INTO Review (id, post_id, rating) VALUES (2, 1, 1.5);
INSERT INTO Review (id, post_id, rating) VALUES (3, 1, 5);
INSERT INTO Review (id, post_id, rating) VALUES (4, 1, 4);
INSERT INTO Review (id, post_id, rating) VALUES (5, 1, 5);
INSERT INTO Review (id, post_id, rating) VALUES (6, 1, 5);
INSERT INTO Review (id, post_id, rating) VALUES (7, 1, 2.5);
INSERT INTO Review (id, post_id, rating) VALUES (8, 1, 5);
INSERT INTO Review (id, post_id, rating) VALUES (9, 1, 1);
INSERT INTO Review (id, post_id, rating) VALUES (10, 1, 1.5);
INSERT INTO Review (id, post_id, rating) VALUES (11, 2, 2);
INSERT INTO Review (id, post_id, rating) VALUES (12, 2, 5);
INSERT INTO Review (id, post_id, rating) VALUES (13, 2, 5);
INSERT INTO Review (id, post_id, rating) VALUES (14, 2, 4.5);
INSERT INTO Review (id, post_id, rating) VALUES (15, 2, 1);
INSERT INTO Review (id, post_id, rating) VALUES (16, 2, 1);
INSERT INTO Review (id, post_id, rating) VALUES (17, 3, 2);
INSERT INTO Review (id, post_id, rating) VALUES (18, 3, 3);
INSERT INTO Review (id, post_id, rating) VALUES (19, 3, 3.5);
INSERT INTO Review (id, post_id, rating) VALUES (20, 3, 5);
INSERT INTO Review (id, post_id, rating) VALUES (21, 3, 1);
INSERT INTO Review (id, post_id, rating) VALUES (22, 3, 2.5);
INSERT INTO Review (id, post_id, rating) VALUES (23, 3, 2);
INSERT INTO Review (id, post_id, rating) VALUES (24, 3, 3);
INSERT INTO Review (id, post_id, rating) VALUES (25, 3, 3);
INSERT INTO Review (id, post_id, rating) VALUES (26, 4, 3);
INSERT INTO Review (id, post_id, rating) VALUES (27, 4, 3);
INSERT INTO Review (id, post_id, rating) VALUES (28, 4, 3.5);
INSERT INTO Review (id, post_id, rating) VALUES (29, 4, 5);
INSERT INTO Review (id, post_id, rating) VALUES (30, 4, 1);
INSERT INTO Review (id, post_id, rating) VALUES (31, 4, 3);
INSERT INTO Review (id, post_id, rating) VALUES (32, 4, 2);
INSERT INTO Review (id, post_id, rating) VALUES (33, 4, 4.5);
INSERT INTO Review (id, post_id, rating) VALUES (34, 5, 3.5);
INSERT INTO Review (id, post_id, rating) VALUES (35, 5, 3);
INSERT INTO Review (id, post_id, rating) VALUES (36, 5, 3.5);
INSERT INTO Review (id, post_id, rating) VALUES (37, 5, 4);
INSERT INTO Review (id, post_id, rating) VALUES (38, 5, 4);
INSERT INTO Review (id, post_id, rating) VALUES (39, 5, 4);
INSERT INTO Review (id, post_id, rating) VALUES (40, 5, 2);
INSERT INTO Review (id, post_id, rating) VALUES (41, 5, 4.5);
INSERT INTO Review (id, post_id, rating) VALUES (42, 6, 5);
INSERT INTO Review (id, post_id, rating) VALUES (43, 6, 3);
INSERT INTO Review (id, post_id, rating) VALUES (44, 6, 5);
INSERT INTO Review (id, post_id, rating) VALUES (45, 6, 5);
INSERT INTO Review (id, post_id, rating) VALUES (46, 6, 1);
INSERT INTO Review (id, post_id, rating) VALUES (47, 6, 3);
INSERT INTO Review (id, post_id, rating) VALUES (48, 6, 2);
INSERT INTO Review (id, post_id, rating) VALUES (49, 6, 4);

INSERT INTO User (id, name, email) VALUES (1, 'Ashley Dawson', 'ashley@ashleydawson.co.uk');
INSERT INTO User (id, name, email) VALUES (2, 'James Dawson', 'james@ashleydawson.co.uk');
INSERT INTO User (id, name, email) VALUES (3, 'Joe Bloggs', 'joe@ashleydawson.co.uk');
INSERT INTO User (id, name, email) VALUES (4, 'Jane Bloggs', 'jane@ashleydawson.co.uk');

INSERT INTO user_department (user_id, department_id) VALUES (1, 2);
INSERT INTO user_department (user_id, department_id) VALUES (1, 1);
INSERT INTO user_department (user_id, department_id) VALUES (1, 3);
INSERT INTO user_department (user_id, department_id) VALUES (2, 1);
INSERT INTO user_department (user_id, department_id) VALUES (2, 3);
INSERT INTO user_department (user_id, department_id) VALUES (3, 2);
INSERT INTO user_department (user_id, department_id) VALUES (4, 1);


INSERT INTO MateriaPost (id, type_id, name, ability_points) VALUES (4, 1, 'Bolt', 1000);
INSERT INTO MateriaPost (id, type_id, name, ability_points) VALUES (5, 1, 'Ice', 5600);
INSERT INTO MateriaPost (id, type_id, name, ability_points) VALUES (6, 2, 'Bahamut', 34800);

INSERT INTO ProductPost (id, name, price) VALUES (1, 'Elixir', 34.78);
INSERT INTO ProductPost (id, name, price) VALUES (2, 'Potion', 10);
INSERT INTO ProductPost (id, name, price) VALUES (3, 'Phoenix Down', 15.4);








